{"cameraMode":{"drawMode":0,"name":"Shaded","section":"Shading Mode"},"sceneLighting":true,"audioPlay":false,"sceneViewState":{"m_AlwaysRefresh":true,"showFog":true,"showSkybox":true,"showFlares":true,"showImageEffects":true,"showParticleSystems":true,"showVisualEffectGraphs":true,"m_FxEnabled":false},"in2DMode":false,"pivot":{"x":-0.2208232879638672,"y":178.62222290039063,"z":36.352989196777347},"rotation":{"x":-0.0010191109031438828,"y":-0.9927478432655335,"z":0.12001624703407288,"w":-0.008331568911671639},"size":8.660393714904786,"orthographic":false}