{"cameraMode":{"drawMode":0,"name":"Shaded","section":"Shading Mode"},"sceneLighting":true,"audioPlay":false,"sceneViewState":{"m_AlwaysRefresh":false,"showFog":true,"showSkybox":true,"showFlares":true,"showImageEffects":true,"showParticleSystems":true,"showVisualEffectGraphs":true,"m_FxEnabled":true},"in2DMode":false,"pivot":{"x":378.7657470703125,"y":223.74740600585938,"z":-11.201722145080567},"rotation":{"x":0.03917885944247246,"y":-0.07818129658699036,"z":0.003076752880588174,"w":0.9961722493171692},"size":153.16207885742188,"orthographic":false}