{"cameraMode":{"drawMode":0,"name":"Shaded","section":"Shading Mode"},"sceneLighting":true,"audioPlay":false,"sceneViewState":{"m_AlwaysRefresh":false,"showFog":true,"showSkybox":true,"showFlares":true,"showImageEffects":true,"showParticleSystems":true,"showVisualEffectGraphs":true,"m_FxEnabled":true},"in2DMode":false,"pivot":{"x":490.33892822265627,"y":273.0331726074219,"z":-79.17081451416016},"rotation":{"x":0.18049971759319306,"y":0.011228501796722412,"z":-0.0020662816241383554,"w":0.9835629463195801},"size":168.28436279296876,"orthographic":false}