{"cameraMode":{"drawMode":0,"name":"Shaded","section":"Shading Mode"},"sceneLighting":true,"audioPlay":false,"sceneViewState":{"m_AlwaysRefresh":false,"showFog":true,"showSkybox":true,"showFlares":true,"showImageEffects":true,"showParticleSystems":true,"showVisualEffectGraphs":true,"m_FxEnabled":true},"in2DMode":false,"pivot":{"x":-2.495014190673828,"y":222.5631103515625,"z":-1726.8839111328125},"rotation":{"x":-0.003594542620703578,"y":-0.9566329121589661,"z":0.2912076711654663,"w":-0.011749508790671826},"size":362.1921081542969,"orthographic":false}