{"cameraMode":{"drawMode":0,"name":"Shaded","section":"Shading Mode"},"sceneLighting":true,"audioPlay":false,"sceneViewState":{"m_AlwaysRefresh":true,"showFog":true,"showSkybox":true,"showFlares":true,"showImageEffects":true,"showParticleSystems":true,"showVisualEffectGraphs":true,"m_FxEnabled":false},"in2DMode":false,"pivot":{"x":0.6159197688102722,"y":179.15098571777345,"z":39.808441162109378},"rotation":{"x":0.01254991628229618,"y":0.9598467946052551,"z":-0.2768499255180359,"w":0.04351157322525978},"size":8.96509075164795,"orthographic":false}